{
    "inpath":"E:/gitHubRepositories/SoftRasterization/huayi133",
    "outpath":"E:\\gitHubRepositories\\IndirectVisibility\\out_img",
    "m":[
        1, 0, 0, 0, 
        0, 0, -1, 0, 
        0, 1, 0, 0, 
        0, 0, 0, 1
        ],
    "v":[
        -0.6454802512443696, -0.009614480534404937, 0.7637164441188617, 0,
        -2.6020852139652095e-18, 0.9999207670635345, 0.012588073525078325, 0,
        -0.7637769604102397, 0.008125352861650158, -0.6454291079486331, 0, 
        1.225547441308094e-12, -3.5527136788004994e-15, -3030.968657046797, 1
    ],
    "p":[
        1.7320508075688774, 0, 0, 0, 
        0, 1.7320508075688774, 0, 0, 
        0, 0, -1.000006666688889, -1, 
        0, 0, -0.20000066666888888, 0
    ],
    "w":800,
    "h":800
}